AA;Attack Assessment;sentinel
A&A;Assessment & Authorization;sentinel
A&AS;Administrative and Assistance Services;sentinel
AAA;Allocation, Assessment, and Analysis;sentinel
AAA;Availability/Allocation Assessment;sentinel
AAF;Adaptive Acquisition Framework;sentinel
ABM;Anti-Ballistic Missile;sentinel
AC;Acceptance Criteria;sentinel
AC;Assurance Case;sentinel
ACA;Alternate Command Authority;sentinel
ACAT;Acquisition Category;sentinel
ACP;Annual Compensation Planning;sentinel
ACQSTRAT;Acquisition Strategy;sentinel
ACS;Attitude Control System;sentinel
ADM;Acquisition Decision Memorandum;sentinel
A&E;Ammunition & Explosives;sentinel
AEDC;Arnold Engineer Development Complex;sentinel
AEHF;Advanced Extremely High Frequency;sentinel
AF;Air Force;sentinel
AFA;Arming and Fuzing Assembly;sentinel
AFB;Air Force Base;sentinel
AFCAA;Air Force Cost Analysis Agency (AF cost folks);sentinel
AFCAP;Air Force Certification and Accreditation Program;sentinel
AFCEA;Armed Forces Communications & Electronics Association;sentinel
AFCEC;Air Force Civil Engineer Center;sentinel
AFCON;Air Force Controlled Units;sentinel
AFEMS;Air Force Equipment Management System;sentinel
AF&F;Arming, Fuzing, and Firing;sentinel
AFGSC;Air Force Global Strike Command;sentinel
AFGSCI;Air Force Global Strike Command Instruction;sentinel
AFI;Air Force Instruction;sentinel
AFIT;Air Force institute of Technology;sentinel
AFLCMC;Air Force Life Cycle Management Center;sentinel
AFLCMC/SS;Air Force Life Cycle Management Center/Strategic Systems;sentinel
AFMAN;Air Force Manual;sentinel
AFMC;Air Force Materiel Command;sentinel
AFMCI;Air Force Materiel Command Instruction;sentinel
AFNIC;Air Force Network Integration Center;sentinel
AFNWC;Air Force Nuclear Weapons Center;sentinel
AFNWC/NM;AFNWC MMIII Directorate;sentinel
AFNWC/NX;AFNWC Sentinel Directorate;sentinel
AFNWCI;Air Force Nuclear Weapons Center Instruction;sentinel
AFOSH;Air Force Occupational Safety and Health;sentinel
AFOTEC;Air Force Operational Test & Evaluation Center;sentinel
AFPAM;Air Force Pamphlet;sentinel
AFPD;Air Force Policy Directive;sentinel
AFRB;Air Force Review Board ;sentinel
AFRL;Air Force Research Laboratory;sentinel
AFPD;Air Force Policy Directive;sentinel
AFPEO/SS;Air Force Program Executive Officer for Strategic Systems;sentinel
AFRB;Award-Fee Review Board;sentinel
AFRL;Air Force Research Laboratory;sentinel
AFROC;Air Force Requirements Oversight Council;sentinel
AFS;Arming and Fusing System;sentinel
AFSATCOM;Air Force Satellite Communications;sentinel
AFSEC;Air Force Safety Center;sentinel
AFSMO;Air Force Spectrum Management Office;sentinel
AFSPC;Air Force Space Command;sentinel
AFSS;Autonomous Flight Safety System;sentinel
AFTC;Air Force Test Center (Edwards AFB);sentinel
AFTOC;Air Force Total Ownership Cost;sentinel
AFTU;Autonomous Flight Termination Unit;sentinel
AFWTR;Air Force Western Test Range;sentinel
AGTE;Above Ground Test Equipment;sentinel
AIA; Aerospace Industries Association;sentinel
AIMU;Advanced Inertial Measurement Unit;sentinel
AJRD;Aerojet Rocketdyne;sentinel
ALCL;Alternate Launch Control Location;sentinel
ALCM;Air Launched Cruise Missile;sentinel
ALCS;Airborne Launch Control System;sentinel
ALCS-R;Airborne Launch Control System - Replacement;sentinel
ALM;Application Lifecycle Management;sentinel
ALP;Alternate Launch Platform;sentinel
ALS;Acquisition Life Cycle;sentinel
Alt-PIGA;Alternate Pendulous Integrating Gyroscopic Accelerometer;sentinel
AMG;Architecture Mentors Group;sentinel
AMRDEC;Aviation and Missile Research, Development and Engineering Command;sentinel
ANDI;Air Force & National Nuclear Secruity Administration Demonstration Initiative;sentinel
AoA;Analysis of Alternatives;sentinel
AO;Action Officer;sentinel
AO;Authorizing Official;sentinel
AOB;Alternate Operating Base;sentinel
AOB;Acquisition Oversight Board;sentinel
AOP;Airborne Operational Program;sentinel
AOP;Annual Operating Plan;sentinel
AOR;Area of Responsibility;sentinel
AOTR;Assessment of Operational Test Readiness;sentinel
AOTTS;All Ordnance Thrust Termination System;sentinel
AP;Advanced Procurement;sentinel
AP;Ammonium Perchlorate;sentinel
AP;Acquisition Plan;sentinel
APA;Additional Performance Attribute;sentinel
APB;Acquisition Program Baseline;sentinel
API;Application Program Interface (IS);sentinel
APL;Applied Physics Lab (at Johns Hopkins);sentinel
APSR;Accountable Property System of Record;sentinel
APT;Advanced Persistent Threat;sentinel
APT;Airborne Procedures Trainer;sentinel
APWG;Architectures and Profiles Working Group;sentinel
AQB;Scientific Advisory Board;sentinel
AQC;Contracting;sentinel
AQD;Logistics and Product Support;sentinel
AQH;Acquisition Career Management;sentinel
AQI;Information Dominance;sentinel
AQP;Global Power;sentinel
AQQ;Global Reach;sentinel
AQR;Science, Technology, and Engineering;sentinel
AQS;Space Programs;sentinel
AQX;Acquisition Integration;sentinel
ARB;Analysis Review Board;sentinel
ARB;Architecture Review Board;sentinel
ARB;Analytical Requirements Review Board;sentinel
ARES;Advanced Radiation Environment Simulator;sentinel
ARM;Active Risk Managment;sentinel
ARR;Alert Readiness Rate;sentinel
ARRB;Analytical Requirments Review Board;sentinel
AS;Acquisition Strategy;sentinel
ASAP;As Soon As Possible;sentinel
ASD;Acquisition Strategy Document;sentinel
ASIA;Age Sensitive Item Analysis;sentinel
ASIC;Application Specific Integrated Circuit;sentinel
ASL;Approved Supplier List;sentinel
ASOT;Authoritative Source of Truth;sentinel
ASP;Acquisition Strategy Plan;sentinel
ASR;Alternative Systems Review;sentinel
ASSIST;Acquisition Streamlining and Standardization Information System;sentinel
ASU;Acquisition Sustainment Unit;sentinel
ATAM;Architectural Tradeoff Analysis Method;sentinel
ATC;Authority to Connect;sentinel
AT&L;Acquisition, Technology, & Logistics;sentinel
ATO;Authority to Operate (required for any gov system, classified or not);sentinel
ATO;Awardable Task Order;sentinel
ATP;Authority to Proceed;sentinel
ATP;Anti-Tamper Plan;sentinel
ATR;Above Threshold Reprogramming (request for more $);sentinel
ATS;Automated Test Systems;sentinel
AVAM;Air Vehicle Architecture Model;sentinel
AVE;Airborne / Aerospace Vehicle Equipment;sentinel
AWE;Advanced Warfighting Experiment;sentinel
BA;Budget Authority;sentinel
BAA;Broad Agency Announcement;sentinel
BAC;Budget at Completion;sentinel
BAM;Blue C2 Architecture MS&A Environment;sentinel
BAP;Budget Appeals Paper;sentinel
BCA;Business Case Analysis;sentinel
BCR;Budget Change Request;sentinel
(B) CRP;(Basic) Certification Requirements Plan;sentinel
BCWP;Budgeted Cost of Work Performed;sentinel
BCWS;Budgeted Cost of Work Scheduled;sentinel
BDA;Battle Damage Assessment;sentinel
BEAT;Big Event Action Team;sentinel
BEI;Baseline Execution Index;sentinel
BES;Budget Estimate Submisssion;sentinel
BIT;Built-In Test;sentinel
BLUF;Bottom Line Up Front;sentinel
BMT;Business Management Team (NG IPT);sentinel
BOA;Blanket Order Agreement;sentinel
BOA;Broad Ocen Area;sentinel
BOA TASTC;Broad Ocean Area Terminal Area Scoring Test Capability;sentinel
BOD;Board of Directors (division chiefs);sentinel
BOE;Body of Evidence;sentinel
BOM;Bill of Materials;sentinel
BOSS;Business Efficiency Online Staffing System;sentinel
BPDU;Battery Power Distribution Unit;sentinel
BTR;Below Threshold Reprogramming;sentinel
C2;Command and Control;sentinel
C3;Command, Control, and Communications;sentinel
C3I&N;Command, Control, Communications, Intelligence, and Networks;sentinel
C4I;Command, Control, Communications, Computers, and Intelligence;sentinel
C4ISR;Command, Control, Communications, Computers, Intelligence, Surveillance, and Reconnaissance;sentinel
CA;Contract Award;sentinel
CA;Criticality Assessment;sentinel
C&A;Certification and Accreditation;sentinel
C&L;Command and Launch;sentinel
CAAR;Cybersecurity Architecture Analysis Report;sentinel
CAC;Common Access Card;sentinel
CAD;Computer Aided Design;sentinel
CADE;Cost Assessment Data Enterprise;sentinel
CAE;Component Acquisition Executive (above PEO);sentinel
CAE;Computer Aided Engineering;sentinel
CAM;Centralized Asset Management;sentinel
CAM;Control Account Manager;sentinel
CAMP;Commercially Augmented Mission Platform;sentinel
CAN;Controller Area Network;sentinel
CAO;Current As Of;sentinel
CAP;Control Account Plan;sentinel
CAP;Corrective Action Period;sentinel
CAP;Corrective Action Plan;sentinel
CAPCO;Controlled Access Program Coordination Office;sentinel
CAPE;Cost Analysis and Program Evaluation (DoD Cost folks);sentinel
CAPEC;Common Attack Pattern Enumeration and Classification;sentinel
CAR;Corrective Action Report;sentinel
CARD;Cost Analysis Requirements Description;sentinel
CARVER;Criticality, Accessibility, Recoverability, Vulnerability, Effect, & Recognizability;sentinel
CATEX;Categorical Exception (32 CFR 989);sentinel
CBA;Capabilities-Based Assessment;sentinel
CBM+;Condition Based Maintenance Plus;sentinel
CBRN;Chemical, Biological, Radiological & Nuclear;sentinel
CBT;Computer Based Training;sentinel
CCDRs;Combatant Commanders;sentinel
CC;Compatibility Certification (DOE);sentinel
CC;Critical Component;sentinel
CCA;Critical Consequence Areas;sentinel
CCAR;Comprehensive Capital Analysis and Review;sentinel
CCARs;Comprehensive Cost and Requirement Systems;sentinel
CCB;Configuration Control Board;sentinel
CCE;Component Cost Estimate;sentinel
CCMDs;Combatant Commands;sentinel
CCB;Configuration Control Board;sentinel
CCDR;Compoenent Conceptual Design Review;sentinel
CCDR;Contractor Cost Data Reporting;sentinel
CCD-V;Capability Development Document Validation;sentinel
CCE;Component Cost Estimate;sentinel
CCOS;Common Certification Operating System;sentinel
CCMDS;Combatant Commands;sentinel
CCP;Component Cost Position;sentinel
CCP;Contract Change Proposal;sentinel
CCSD;Cryptologic and Cyber Systems Division;sentinel
CCWG;Codes/Crypto Working Group;sentinel
CCTIM;Cost Capability Technical Interchange Meeting;sentinel
CDAAS;Content Delivery as a Service;sentinel
CDAC;Concept Design and Architecture;sentinel
CDAG;Concept Design and Architecture Guidance;sentinel
CDAP;Concept Design & Architecture Propulsion;sentinel
CDC;Confined Detonation Cord;sentinel
CDD;Capability Development Document;sentinel
CDEIS;Coordination Draft Environmental Impact Statement;sentinel
CDI;Covered Defense Information (CUI and CTI);sentinel
CDR;Critical Design Review;sentinel
CDRL;Contract Data Requirement List;sentinel
CDS;Cross-Domain Solution (data diode);sentinel
CDT;Chief Development Tester;sentinel
CE;Chief Engineer;sentinel
CEP;Circular Error Probable;sentinel
CET;Customer Engagement Team;sentinel
CEQ;Council of Environmental Quality;sentinel
CFD;Computational Fluid Dynamics;sentinel
CFO;Chief Financial Officer;sentinel
CFR;Code of Federal Regulations;sentinel
CFSR;Contract Funds Status Report;sentinel
CG;Center of Gravity;sentinel
CGA;Capability Gap Assessment;sentinel
CG-W-5;Classification Guide W-5;sentinel
ChERB;Chief Engineer Review Board;sentinel
C&I;Configuration and Identification;sentinel
CI;Commercial Item;sentinel
CI;Communications Integrator;sentinel
CI;Configuration Item;sentinel
CI;Counter Intelligence;sentinel
CI;Critical Information;sentinel
CIB;Contractor Interface Board;sentinel
CIIL;Critical Information and Indicator List;sentinel
CIO;Chief Information Officer;sentinel
CIP;Control Information Plan;sentinel
CIPD;Cost Integrated Project Team;sentinel
CISQ;Consortium for Information & Software Quality;sentinel
CJCS;Chairman of the Joint Chiefs of Staff;sentinel
CJCSI;CJCS Instruction;sentinel
CLA;Core Logistics Analysis;sentinel
CLAM;C&L Architecture Model;sentinel
CLD;Core Logistics Determination;sentinel
CLIN;Contract Line Item;sentinel
CLS;Contractor Logistics Analysis;sentinel
CLTR;Computer Lab Troubleshooting Request (classified labs);sentinel
CM;Configuration Management;sentinel
CM;Counter Measure;sentinel
CM/DM;Configuration Management Data Management;sentinel
CMDS;C&L Cyber Monitoring & Defense System;sentinel
CME;Contract Manpower Equivalent;sentinel
CMF;Consolidated Maintenance Facility;sentinel
CMI;Classified Message Incident;sentinel
CML;Capability-Mission Lattice;sentinel
CMM;Capability Maturity Model;sentinel
CMMI;Capability Maturity Model Integration;sentinel
CMO;Configuration Management Office;sentinel
CMP;Configuration Management Plan;sentinel
CMP;Contract Management Plan;sentinel
CMS;Continuous Monitoring Strategy;sentinel
CMT;Contract Management Team;sentinel
CMWG;Configuration Management Working Group;sentinel
CAN;Computer Network Attack;sentinel
CNAP;Cloud Native Access Point;sentinel
CNE;Computer Network Exploitation;sentinel
CNEST;Combined Nuclear Effects Surrogate Testing;sentinel
CNCF;Cloud Native Computing Foundation;sentinel
CNSS;Committee on National Systems Security;sentinel
CNSSI;CNSS Instruction;sentinel
CNWDI;Critical Nuclear Weapon Design Information;sentinel
CO;Change Order;sentinel
CO;Commanding Officer;sentinel
CO;Contracting Officer;sentinel
COA;Course of Action;sentinel
CoC;Chain of Command;sentinel
COCOM;Combatant Command;sentinel
COCOMO;Constructive Cost Model;sentinel
CoD;Correction of Deficiencies;sentinel
COE;Center of Excellence;sentinel
COE;Common Operating Environment;sentinel
COI;Critical Operational Issue;sentinel
COMPUSEC;Computer Security;sentinel
COMSEC;Communications Security;sentinel
CONOPS;Concepts of Operations;sentinel
CONUS;Continental United States;sentinel
COP;Common Operating Picture;sentinel
CoP;Community of Practice;sentinel
COP;Console Operations Program;sentinel
COOP;Continuity of Operations;sentinel
CORE;Common Operating Environment;sentinel
COSIS;Care of Supplies in Storage;sentinel
COTS;Commercial Off-the-Shelf;sentinel
CPA;Classified Processing Area;sentinel
CPAF;Cost Plus Award Fee;sentinel
CPAR;Contractor Performance Assessment Rating;sentinel
CPARS;Contractor Performance Assessment Rating System;sentinel
CPC;Corrosion Prevention and Control;sentinel
CPC;Classified Processing Center;sentinel
CPD;Capability Production Document;sentinel
CPFF;Cost Plus Fixed Fee;sentinel
CPI;Continuous Process Improvement;sentinel
CPI;Cost Performance Index;sentinel
CPI;Critical Program Information;sentinel
CPIF;Cost Plus Incentive Fee;sentinel
CPLM;Contractor Product Lifecycle Management (NG TC);sentinel
CPM;Capability Portfolio Management;sentinel
CPP;Centralized Parts Program;sentinel
CPR;Capability  Production Document;sentinel
CPSO;Contractor Program Security Officer;sentinel
CR;Change Request;sentinel
CR;Continuing Resolution;sentinel
CR;Cost Reimbursable;sentinel
CRA;Continuing Resolution Authority;sentinel
Crane;Naval Surface Warfare Center Crane, Indiana;sentinel
CRB;Cost Review Board;sentinel
CRM;Comment Resolution Matrix;sentinel
CRP;Certification Requirements Plan;sentinel
CRR;Congressional Reporting Requirements;sentinel
CRR;Customer Requirements Review;sentinel
CRS;Cost Reporting Structure;sentinel
CSA;Contractor Support Area;sentinel
CSAF;Chief of Staff, Air Force;sentinel
CSAM;See CSSAM;sentinel
CSB;Configuration Steering Board;sentinel
CSC;Computer Software Component;sentinel
CSCI;Computer Software Configuration Item;sentinel
CSD;Customer Service Desk;sentinel
CSDR;Cost & Software Data Reporting;sentinel
CSE;Common Support Equipment;sentinel
CSF;Center Senior Functional;sentinel
CSIL;C&L Systems Integration Lab;sentinel
CSP;Cloud Service Provider;sentinel
CSDR;Cost and Software Data Reporting;sentinel
CSRD;Computer System Requirements Document;sentinel
CSS;Cyber Security Strategy;sentinel
CSSAM;Computer System & Software Architecture Model;sentinel
CSSO;Contractor Special Security Officer;sentinel
CSU;Computer Software unit;sentinel
cSWE;Continuous Software Engineering;sentinel
CTE;Cable Termination Equipment;sentinel
CTE;Critical Technology Elements;sentinel
CTI;Controlled Technical Info;sentinel
CTMA;Commercial Technologies for Maintenance Activities;sentinel
CTP;Critical Technical Parameter;sentinel
CTR;Center;sentinel
CTR;Contractor;sentinel
CUI;Controlled Unclassified Information;sentinel
CV;Capability Viewpoint;sentinel
CVE;Common Vulnerabilities and Exposures;sentinel
CVR;Commercial Virtual Remote;sentinel
CVSS;Common Vulnerability Scoring System;sentinel
CWBS;Contract Work Breakdown Structure;sentinel
CWE;Common Weakness Enumeration;sentinel
CWSS;Common Weakness Scoring System;sentinel
D2K;Design to Kit;sentinel
DaaS;Data as a Service;sentinel
DAB;Defense Acquisition Board;sentinel
DAC;Design Analysis Cycle;sentinel
DAE;Defense Acquisition Executive;sentinel
DAES;Defense Acquisition Executive Summary;sentinel
DAF;Department of the Air Force;sentinel
DAG;Directors Action Group;sentinel
DAG;Defense Acquisition Guidebook Group;sentinel
DAL;Data Accession List;sentinel
DAL;Design Assurance Level (DO-178C level);sentinel
DAP;Defense Acquisition Portal;sentinel
DAR;Decision Analysis and Resolution (form);sentinel
DARPA;Defense Advanced Research Projects Agency;sentinel
DAS;Defense Acquisition System;sentinel
DASD(DT&E);Deputy Assistant Secretary of Defense (Developmental Test & Evaluation);sentinel
DASD(SE);Deputy Assistant Secretary of Defense (Systems Engineering);sentinel
DAU;Defense Acquisition University;sentinel
DBIDS;Defense Biometric Identification System (HAFB card, lower level than CAC);sentinel
DBS;Defense Business System;sentinel
DBSMC;Defense Business Systems Management Committee;sentinel
DCA;Direct Cite Authority;sentinel
DCAA;Defense Contract Audit Agency;sentinel
DCAPE;Director, Cost Assessment and Program Evaluation;sentinel
DCAR;DoD Centralized Artifacts Repository;sentinel
DCIM;Data Center Inventory Management;sentinel
DCF;Data Collection Form;sentinel
DCMA;Defense Contract Management Agency;sentinel
DCMAS;DCMA Special Programs;sentinel
DCMO;Deputy Chief Management Officer;sentinel
DCN;Document Control Number;sentinel
DCOR;Data Center Obligation Request;sentinel
DCPM;Division Chief Performance Monitor;sentinel
DCR;Design Certification Review;sentinel
DCSA;Defense Counter-Intelligence & Security Agency;sentinel
DD54;DoD Form 254 (what we can have access to);sentinel
DE;Digital Engineering;sentinel
DEE;Digital Engineering Environment (developed by NG GDIT);sentinel
DEM/VAL;Demonstration & Validation;sentinel
DEOCS;Defense Organizational Climate Survey;sentinel
DER;Designated Engineering Representative;sentinel
DES;Data Encryption Standard;sentinel
DES;Digital Engineering System (developed by NXE NXW NXZ);sentinel
DESRA;Digital Engineering System Requirements Architecture;sentinel
DevSecOps;Development, Security, and Operations;sentinel
DFARS;Defense Federal Acquisition Regulation Supplement;sentinel
DFMA;Design for Manufacturing and Assembly;sentinel
DFTV;Delta Flight Test Vehicle;sentinel
DI2E;Defense Intelligence Information Enterprise;sentinel
DIA;Defense Intelligence Agency;sentinel
DIACAP;DOD Information Assurance Certification and Accreditation Process;sentinel
DIAL;Data Item Approval Letter;sentinel
DID;Data Item Description;sentinel
DISA;Defense Information Systems Agency;sentinel
DISS;Defense Information Security System (new JPAS);sentinel
DIU;Defense Innovation Unit;sentinel
DM;Data Management;sentinel
DMA;Decision Making Authority;sentinel
DMAP;Depot Mainenance Activation Plan;sentinel
DMAWG;Depot Maintenance Activation Working Group;sentinel
DMO;Data Management Officer;sentinel
DMP;Data Management Plan;sentinel
DMS;Defense Message System;sentinel
DNG;DOORS Next Generation;sentinel
DNI;Director of National Intelligence;sentinel
DO;Data Object;sentinel
DoD;Department of Defense;sentinel
DoD;Due on Deck;sentinel
DoDAF;DoD Architecture Framework;sentinel
DoDD;DoD Directive;sentinel
DoDI;DoD Instruction;sentinel
DoDIN;DoD Information Network;sentinel
DoDM;DoD Defense Manual;sentinel
DOE;Department of Energy;sentinel
DoE;Director of Engineering;sentinel
DOF;Degrees of Freedom;sentinel
DOORS;Dynamic Object Oriented Requirements System (IBM);sentinel
DOT&E;Director, Operational Test and Evaluation;sentinel
DOTMLPF;Doctrine, Organization, Training, Materiel, Leadership and Education, Personnel and Facilities;sentinel
DP;Decision Point;sentinel
DPAS;Defense Property Accountability System;sentinel
DPMAP;DoD Performance Management Appraisal Program;sentinel
DR;Deficiency Report;sentinel
DRA;Deployment Requirements Analysis;sentinel
DRAT;Decision Resolution Action Tracker;sentinel
DREN;Defense Research & Engineering Network;sentinel
DRIP;Design Review Information Package;sentinel
DRM;"Digital Rights Management; songs & movies; as opposed to IRM";sentinel
DRM;Defense Resources Model;sentinel
DRP;Data Rights Plan;sentinel
DRRT;Data Requirements Review Team;sentinel
DSB;Defense Science Board;sentinel
DSO;DevSecOps;sentinel
DSOR;Depot Source of Repair (DMAWG);sentinel
DSPM;Deputy System Program Manager;sentinel
DSS;Data Simulation System;sentinel
DST;Digtial Systems Team (NG IPT);sentinel
DT;Development Test;sentinel
DTaaS;Data Transfer as a Service;sentinel
DT&E;Development, Test and Evaluation;sentinel
DTE&A;Development, Test, Evaluation and Assessments (office in OSD);sentinel
DTIC;Defense Technical Information Center;sentinel
DTRA;Defense Threat Reduction Agency;sentinel
DU;Desing Unit;sentinel
EA;Enterprise Architecture;sentinel
EAC;Estimate at Completion;sentinel
EAM;Emergency Action Message;sentinel
EAS;Enterprise Activation Suite;sentinel
EBR;EMD Baseline Review (mini PDR);sentinel
ECA;External Certification Authority;sentinel
ECAD;Electronic CAD;sentinel
ECCT;Enterprise Capability Collaboration Team;sentinel
ECO;Export Control Official;sentinel
ECP;Engineering Change Proposal;sentinel
ECP;Electronics Communication Plan;sentinel
ED;Engineering Directive;sentinel
EDU;Engineering Data Unit;sentinel
EDU;Execution Data Unit (router);sentinel
EEC;Entry & Exit Criteria;sentinel
EEU;Enhanced Engineering Unit (aka EU+);sentinel
EFTU;Environmental Flight Test Unit;sentinel
EGM;Earth Gravity Model;sentinel
EGT;Enhanced Ground Testing;sentinel
EIAP;Environmental Impact Analysis Process;sentinel
EIFTM;Enterprise Integrated Flight Test Matrix;sentinel
EIMS;Enterprise Integrated Master Schedule;sentinel
EIS;Environmental Impact Statement;sentinel
ELT;Executive Leadership Team;sentinel
EMD;Engineering and Manufacturing Development;sentinel
EMP;Electro-Magnetic Pulse;sentinel
EO ;Executive Order;sentinel
EOA;Early Operational Assessment;sentinel
EP;Execution Plan;sentinel
ePLM;Enterprise Product Lifecycle Management;sentinel
eQIP;Electronic Questionnaire for Investigating Processes;sentinel
ERB;Emerging Requirements Board;sentinel
ERM;Electronic Records Management;sentinel
ERP;Enterprise Resource Planning;sentinel
ESOH;Environment, Safety, and Occupational Health;sentinel
eSLOC;Effective Source Lines of Code;sentinel
eSSS;Electronic Staff Summary Sheet;sentinel
ETC;Estimate to Complete;sentinel
ETL;Extract Transform Load;sentinel
EU;Engineering Unit;sentinel
EVM(S);Earned Value Management (System);sentinel
EVMSIG;EVM System Interpretation Guide;sentinel
EWO;Emergency War Order;sentinel
FAR;Federal Acquisition Regulation;sentinel
FAR;Federal Aviation Regulations;sentinel
FAR;Failure Analysis Report;sentinel
FAR;False Alarm Report;sentinel
FBCE;Fully Burdened Cost of Energy;sentinel
FCA;Functional Configuration Audit;sentinel
FBU;Flight Battery Unit;sentinel
FCA;Functional Configuration Audit;sentinel
FCB;Functional Characteristic Board;sentinel
FDC;Force Development Concept;sentinel
FDCR;Final Design Certification Report;sentinel
FDDR;Full Deployment Decision Review;sentinel
FDE;Force Development Evaluation;sentinel
FDESRA;Force Development Evaluation System Requirements Analysis;sentinel
FFDR;First Flight Design Review;sentinel
FDM;Flight Data Management;sentinel
FDM;Force Direction Message (targeting);sentinel
FFBD;Functional Flow Block Diagram;sentinel
FFRDC;Federally Funded Research and Development Center;sentinel
FIPS;Federal Information Processing Standards;sentinel
FISAC;Future ICBM Sustainment and Acquisition Construct ;sentinel
FLSA;Fair Labor Standards Act;sentinel
FMEA;Failure Modes Effects Analysis;sentinel
FMECA;Failure Modes Effects Criticality Analysis;sentinel
FM/FZ;Financial Management (office symbol);sentinel
FOC;Full Operational Capability;sentinel
FOG;Fiber Optic Gyro;sentinel
FOIA;Freedom of Information Act;sentinel
FOL;Forward Operating Location;sentinel
FONSI;Finding of No Significant Impact;sentinel
FOSS;Free and Open Source Software;sentinel
FOT&E;Follow-On Test and Evaluation;sentinel
FOUO;For Official Use Only;sentinel
FPCON;Force Protection Condition;sentinel
FPGA;Field-Programmable Gate Array;sentinel
FPIF;Fixed Price Incentive (Firm Target);sentinel
FPR;Funds Program Review;sentinel
FPU;First Production Unit;sentinel
FRACAS;Failure Reporting, Analysis and Corrective Action System;sentinel
FRATAM;Functional Requirements Allocation Traceability Matrix;sentinel
FRD;Formerly Restricted Data;sentinel
FRP;Full Rate Production;sentinel
FS;Flight Systems;sentinel
FSO;Facility Security Officer;sentinel
FSDL;Full Size Holes at Detail Level;sentinel
FST;Flight Systems Team (NG IPT);sentinel
FSTS;Flight Software Test Set;sentinel
F&T;Facilities & Transportation (trucks);sentinel
FTA;Fault Tree Analysis;sentinel
FTE;Full-time employee;sentinel
FTSA;Flight Test Safety Approval;sentinel
FTU;Formal Training Unit;sentinel
FWAC;Fraud, Waste, Abuse & Corruption;sentinel
FY;Fiscal Year;sentinel
FYDP;Future Years Defense Program;sentinel
FYSA;For Your Situational Awareness;sentinel
GAP;Guidance Applications Program;sentinel
GATE;GBSD Alternate Transport and Emplacement;sentinel
GBSD;Ground Based Strategic Deterrent;sentinel
GCAM;Government Control Account Manager;sentinel
GDT;GBSD Digital Translator (vs MAT);sentinel
GEM;GBSD Enterprise Model;sentinel
GEMS;Generalized Energy Management Steering;sentinel
GENESIS;Guidance Error Navigation Evaluation Software of Instruments and Software;sentinel
GERB;GBSD Engineering Review Board;sentinel
GET;Government Enterprise Team;sentinel
GF;Government Furnished;sentinel
GFE;Government Furnished Equipment;sentinel
GFGI;Government Furnished Government Installed;sentinel
GFI;Government Furnished Information;sentinel
GFP;Government Furnished Property;sentinel
GFX;Government Furnished Equipment;sentinel
G&G;Gravity and Geodetics;sentinel
GIS;Geospatial Information & Services;sentinel
GLIDE;GBSD Lifecycle Integrated Data Environment;sentinel
GMAP;Government Mitigation Action Plan;sentinel
GMP;Guidance Modernization Program;sentinel
GNC;Guidance, Navigation, & Control;sentinel
GNT;GBSD NSCCA Team;sentinel
GO/FO;General Officer Flag Officer;sentinel
GOSG;General Office Steering Group (pronounced gossage);sentinel
GOTS;Government Off the Shelf;sentinel
GPAE;Government Prescribed Architecture Elements;sentinel
GPR;Government Purpose Rights;sentinel
GPT;Government Prime Team;sentinel
G/R;Giver Receiver;sentinel
GRA;Government Reference Architecture;sentinel
GR&A;Ground Rules & Assumptions;sentinel
GSB;GBSD Steering Board;sentinel
GSC;Global Strike Command;sentinel
GSC;Gloval Supply Chain;sentinel
GSC;Government Security Committee;sentinel
GSOC;Global Security Operation Center (BAE Policy 910 Email);sentinel
GSP;Gyro-Stabilized Platform;sentinel
GWSS;GBSD Weapons System Specification;sentinel
HAC;House Appropriations Committee;sentinel
HAC;Higher Authority Communications;sentinel
HAC/RMPE;HAC Rapid Message Processing;sentinel
HAF;Headquarters Air Force;sentinel
HAF;High Altitude Fuze;sentinel
HAFB;Hill Air Force Base;sentinel
HAFB;Hanscom Air Force Base;sentinel
HAMP;Higher Authority Message Processor;sentinel
HASC;House Arms Services Committee;sentinel
HEDC;Hill Enterprise Data Center (approves IT for NIPR SIPR);sentinel
HICS;Hardened Inter-site Cable System;sentinel
HIL;Hardware in the Loop;sentinel
HIL;Human-in-the-loop;sentinel
HMI;Human Machine Interface;sentinel
HOB;Height of Burst;sentinel
HOPPER;HICS Optimized Planner & Performance Evaluator;sentinel
HPE;Handling Plan Element;sentinel
HPT;High-Payoff Target;sentinel
HRG;Hemispherical Resonating Gyroscope;sentinel
HSCM;Hardware Software Compatibility Matrix;sentinel
HSI;Human System Integration;sentinel
HUM;Hardware Utilization Matrix;sentinel
HUMINT;Human Intelligence (telephone elicitation, face-to-face, eavesdropping);sentinel
HVT;High-Value Target;sentinel
HWCI;Hardware Configuration Item;sentinel
HWIL;Hardware-in-the-Loop;sentinel
IA;Information Assurance;sentinel
IAD;Integrated Air Defenses;sentinel
IADS;Infrastructure Analysis & Display Systems;sentinel
IAM;Information Assurance Manager;sentinel
IAO;Information Assurance Officer;sentinel
IAT;Information Assurance Technician;sentinel
IATC;Integration, Assembly, Test, & Checkout;sentinel
IATC;Interim Authority to Connect;sentinel
IATT;Interim Authority to Test;sentinel
IBR;Integrated Baseline Review;sentinel
IBR;Initial Budget Review;sentinel
ICBM;Intercontinental Ballistic Missile;sentinel
ICBMSD;ICBM Systems Directorate;sentinel
ICC;Integrated Command Center;sentinel
ICD;Initial Capabilities Document;sentinel
ICD;Interface Control Document;sentinel
ICE;Independent Cost Estimate;sentinel
ICG;Interconnect Group;sentinel
ICS;Interim Contractor Support;sentinel
ICWG;Interface Control Working Group;sentinel
ICYMI;In Case You Missed It;sentinel
I&D;Infrastructure and Deployment;sentinel
IDA;Institute for Defense Analyses;sentinel
IDD;Interface Description Document;sentinel
IDE;Integrated Digital Environment;sentinel
IDE;Integrated Development Environment (developed by NG);sentinel
IDR;Integrated Data Repository;sentinel
IDR;Interim Design Review;sentinel
IDS;Instrumentation Development System;sentinel
IDS;Intrusion Detection System;sentinel
IDT;Infrastructure & Deployment Team (NG IPT);sentinel
IETM;Interactive Electronic Technical Manual (digital version of old paper based TOs);sentinel
IFAM;IFC Architecture Model;sentinel
ILHA;Integrated Logistics Health Assessment;sentinel
ILS;Integrated Logistics Support;sentinel
ILSP;Integrated Logistics Support Plan;sentinel
IMDB;Integrated Missile Database;sentinel
IMINT;Imagery Intelligence (TerraServer, Google Maps);sentinel
IMP;Integrated Master Plan;sentinel
IMS;Integrated Master Schedule;sentinel
IMU;Inertial Measurement Unit;sentinel
INSA;Integrated Nuclear Survivability Analysis;sentinel
INSI;Initial Nuclear Surety Inspection;sentinel
IOC;Initial Operational Capabilities;sentinel
IOI;Item of Interest;sentinel
IOT&E;Initial Operational Test and Evaluation;sentinel
IP;Innovation & Planning;sentinel
IP;Internet Protocol;sentinel
IPA;Independent Program Assessment;sentinel
IPFA;Integrated Program Forecast Assessment;sentinel
IPL;Integrated Priority List;sentinel
IPMDAR;Integrated Program Management Data Analysis Report (JSON CDRL deliveries for EVMS);sentinel
IPR;In Progress Review;sentinel
IPS;Integrated Product Support;sentinel
IPT;Integrated Product Team;sentinel
IR;Internal Review;sentinel
IRM;"Information Rights Management; docs and spreadsheets; as opposed to DRM";sentinel
IRB;Independent Review Board;sentinel
IR&M;Infrastructure Restoration and Modernization;sentinel
IRS;Interface Requirement Specification;sentinel
IRT;Internal Review Team;sentinel
IS;Information Systems;sentinel
ISA;Interconnect Service Agreement;sentinel
ISAD;Information Security Architecture & Design;sentinel
ISC;Integrated Support Contractor;sentinel
ISDR;Intelligence & Security Document Repository;sentinel
ISP;Information Support Plan;sentinel
ISPR;ICBM Survivability Program Review;sentinel
ISR;In-Service Review;sentinel
ISS;Initial Safety Study or Interim Safety Study;sentinel
ISSM;Information Systems Security Manager;sentinel
ISSO;Information Systems Security Officer;sentinel
IT;Information Technology;sentinel
ITAB;Information Technology Acquisition Board;sentinel
ITAR;International Traffic in Arms Regulations;sentinel
ITASE;Integrated Threat Analysis & Simulation Environment;sentinel
ITC;Integrated Training Center;sentinel
ITF;Integrated Test Facility;sentinel
ITP;Integrated Test Plan;sentinel
ITR;Initial Technical Review;sentinel
ITRA;Independent Technical Risk Assessment;sentinel
ITT;Integrated Test Team;sentinel
ITTS;Integrated Task Tracking System;sentinel
ITW;Integrated Tactical Warning;sentinel
IUID;Item Unique Identification;sentinel
IV&V;Independent Verification and Validation;sentinel
IWG;Interface Working Group;sentinel
IWO;Internal Work Order;sentinel
J&A;Justification & Approval (for sole source contracts);sentinel
JADE;Joint Access Database Environment;sentinel
JCB;Joint Capabilities Board;sentinel
JCIDS;Joint Capabilities Integration & Development System;sentinel
JCS;Joint Chiefs of Staff;sentinel
JEDMICS;Joint Engineering Data Management Information and Control System;sentinel
JEON;Joint Emergent Operational Needs;sentinel
JHU;Johns Hopkins University;sentinel
Jira;"Atlassian task tracking software; not an acronym; short for Gojira Japanese name for Godzilla ";sentinel
JITC;Joint Interoperability Test Command;sentinel
JPAS;Joint Personnel Adjudication System;sentinel
JROC;Joint Requirements Oversight Council;sentinel
JSD;Joint Staffing Designator;sentinel
JSIG;Joint Special Access Program (SAP) Implementation Guide;sentinel
JSPS;Joint Strategic Planning System;sentinel
JUON;Joint Urgent Operational Needs;sentinel
JWICS;Joint Worldwide Intelligence Communications System;sentinel
JWSTAP;Joint Weapon System Technical Advisory Panel;sentinel
KDC;Key Distribution Center;sentinel
KM/KT;Knowledge Management Knowledge Transfer;sentinel
KPP;Key Performance Parameter;sentinel
KSA;Key System Attribute;sentinel
LC;Launch Center;sentinel
LCC;Launch Control Center;sentinel
LCC;Life Cycle Cost;sentinel
LCM;Life Cycle Management;sentinel
LCMP;Life Cycle Management Plan;sentinel
LCMR;Life Cycle Management Review;sentinel
LCS;Large Class Stage;sentinel
LCSP;Life-Cycle Sustainment Plan;sentinel
LDOT;Lab Design Operations and Test;sentinel
LDTO;Lead Development Test & Evaluation Organization;sentinel
LE;Life Extension;sentinel
LEP;Life Extension Program;sentinel
LETSE;Limited Effectivity Test Support Equipment;sentinel
LF;Launch Facility;sentinel
LFT&E;Live Fire Test and Evaluation;sentinel
LFXR;Large Flash X-ray;sentinel
LGC;Launch Guidance Control;sentinel
LL;Launch Location;sentinel
LLNL;Lawrence Livermore National Lab;sentinel
L&M;Sections L&M of the RFP;sentinel
LM;Lockheed Martin;sentinel
LMDP;Lifecycle Mission Data Plan;sentinel
LOR;Level of Rigor;sentinel
LORA;Level of Repair Analysis;sentinel
LOTD;Letter of Technical Direction;sentinel
LPD;Launch Power Distribution;sentinel
LPTA;Lowest Price Technically Acceptable;sentinel
LRA;Local Registration Authority;sentinel
LRB;Leadership Review Board;sentinel
LRE;Latest Revised Estimate;sentinel
LRIP;Low Rate Initial Production;sentinel
LRP;Long Range Planning;sentinel
LRR;Launch Readiness Review;sentinel
LRSO;Long Range Stand-Off (Missile);sentinel
LRSP;Long Range Strategic Plan;sentinel
LS;Launch Systems;sentinel
LSA;Logistics Support Analysis;sentinel
LSI;Lead Systems Integrator;sentinel
LSO;Local Security Office;sentinel
LSS;Launch Support System;sentinel
LTN;Late to Need;sentinel
LQW;Labor Quantity Workbook;sentinel
M&S;Modeling & Simulation;sentinel
MAF;Missile Alert Facility;sentinel
MAIS;Major Automated Information System;sentinel
MAJCOM;Major Air Command;sentinel
MAJCON;Major Command;sentinel
MAP;Mitigation Assistance Plan;sentinel
MAR;Monthly Activity Report;sentinel
MAT;Miniature Analog Translator (vs GDT);sentinel
MBOM;Manufacturing Bill of Materials;sentinel
MBSE;Model Based Systems Engineering;sentinel
MCAD;Mechanical CAD;sentinel
MCAT;Metadata Catalog;sentinel
MCAT;Missile Component Advanced Technology;sentinel
MCNP;Monte Carlo Nuclear Program;sentinel
MCOTS;Modified Commercial Off the Shelf;sentinel
MCS;Medium Class Stage;sentinel
MDA;Milestone Decision Authority;sentinel
MDA;Missile Defense Agency;sentinel
MDAP;Major Defense Acquisition Programs;sentinel
MDD;Material Development Decision;sentinel
MDOC;Mission Defense Operations Center;sentinel
MDR;Major Design Review;sentinel
MDT;Mean Down Time;sentinel
MES;Manufacturing Execution Systsm;sentinel
MER;Manpower Estimate Report;sentinel
MES;Manufacturing Execution System;sentinel
MFR;Monthly Funds Review;sentinel
MHC;Mission Handling Complex;sentinel
MIF;Missile Integration Facility;sentinel
MILCON;Military Construction;sentinel
MIPR;Military Interdepartmental Purchase Request;sentinel
MIRTs;Multi-functional Independent Review Teams;sentinel
MIS;Management Information System;sentinel
MMF;Mission Modeling Framework;sentinel
MNX;Maintenance;sentinel
MOA;Memorandum of Agreement;sentinel
MOAB;Mother of all Briefings;sentinel
MOAR;Minuteman Operational Accuracy Report;sentinel
MOE;Measure of Effectiveness;sentinel
MOP;Measure of Performance;sentinel
MOU;Memorandum of Understanding;sentinel
MPE;Major Program Events;sentinel
MPI;Maintenance Performance Indicator Report;sentinel
MPS;Master Production Schedule;sentinel
MPT;"Mission Partner Team (built to solve a specific problem; like a tiger team; e.g., MILCON or UCS)";sentinel
MRA;Manufacturing Readiness Assessment;sentinel
MRL;Manufacturing Readiness Level;sentinel
MRO;Maintenance, Repair, Overhaul;sentinel
MRP;Manufacturing Resource Planning;sentinel
MS&A;Modeling, Simulation, and Analysis;sentinel
MSA;Material Solution Analysis;sentinel
MSGSA;Missile System Ground Safety Approved;sentinel
MSIC;Missile and Space Intelligence Center;sentinel
MSR;Monthly Status Report;sentinel
MSS;Missile Suspension System;sentinel
MTA;Maintenance Task Analysis;sentinel
MTBF;Mean Time Between Failures;sentinel
MTF;Maintenance Training Facility;sentinel
MTTR;Mean Time to Repair;sentinel
MUA;Military Unit Assessment;sentinel
MVCR;Minimum Viable Capability Requirement;sentinel
MVP;Minimum Viable Product;sentinel
NAD;North American Datum (coordinates);sentinel
NAM;Non-Action Message;sentinel
NC2;Nuclear Command & Control (Execution);sentinel
NC3;Nuclear Command, Control, & Communications (Authorization);sentinel
NCA;National Command Authority;sentinel
NCCS;Nuclear Navigation Command & Control System;sentinel
NCDSMO;National Cross-Domain Strategy and Management Office;sentinel
NCIS;Nuclear Certification Impact Statement;sentinel
NCWG;Nuclear Certification Working Group;sentinel
NDAA;National Defense Authorization Act;sentinel
NDI;Non-Developmental Items;sentinel
NEPA;National Environmental Policy Act;sentinel
NG;Northrup Grumman;sentinel
NIE;National Intelligence Estimate;sentinel
NIMS;Navigational Inertial Measurement System;sentinel
NIPR;Non-Secure Internet Protocol Router;sentinel
NISP;National Industrial Security Program;sentinel
NISPOM;NISP Operating Manual;sentinel
NIST;National Institute of Science and Technology;sentinel
NMC;Not Mission Capable;sentinel
NMCB;Not Mission Capable for Both;sentinel
NMCC;National Military Control Center;sentinel
NMCM;Not Mission Capable for Maintenance;sentinel
NMCS;Not Mission Capable for Supply;sentinel
NNSA;National Nuclear Security Administration;sentinel
NOFORN;No Foreign Nationals;sentinel
NR KPP;Net Ready KPP;sentinel
NRO;National Reconnaissance Office;sentinel
NSA;National Security Agency;sentinel
NSAR;Nuclear Safety Analysis Report;sentinel
NSATE;Nuclear Safety Analysis and Technical Evaluation;sentinel
NSCCA;Nuclear Safety Cross-Check Analysis (software firmware);sentinel
NSCDV;NS Computing Device Variant;sentinel
NSP;Nuclear Surety Procedure;sentinel
NSRI;National Strategic Research Institute;sentinel
NSS;National Security System;sentinel
NSSC;Nuclear Surety, Software, & Cyber;sentinel
NSSE;NS Support Equipment (NG PLT element);sentinel
NSTR;Nothing Significant to Report;sentinel
NTA;Nuclear Effects - Albuquerque;sentinel
NWSSG;Nuclear Weapon System Surety Group;sentinel
OA;Operational Assessment;sentinel
OADR;Originating Agency's Determination Required;sentinel
OASD;Office of the Assistant Secretary of Defense for Sustainment;sentinel
OBC;Onboard Computer;sentinel
OBTE;On Board Test Equipment;sentinel
OC;Ownership Cost;sentinel
OCA;Original Classifying Authority;sentinel
OCONUS;Outside the Continental U.S.;sentinel
OCR;Office of Coordinating Responsibility;sentinel
ODC;Other Direct Charges;sentinel
OEF;Offer Entry Form;sentinel
OFI;Opportunity for Improvement;sentinel
OFP;Operational Flight Program;sentinel
OGE;Operational Ground Equipment;sentinel
OGP;Operational Ground Program;sentinel
OI;Operating Instruction;sentinel
OIPT;Overarching Integrated Product Team;sentinel
OMG;Object Management Group;sentinel
OOB;Order of Battle;sentinel
OOSEM;Object Oriented Systems Engineering Method;sentinel
OPCERT;Operational Certification;sentinel
OPM;Office of Personnel Management;sentinel
OPR;Office of Primary Responsibility;sentinel
OPSEC;Operational Security;sentinel
ORA;Operational Requirements Analysis;sentinel
ORB;Oral Review Board;sentinel
O&S;Operations & Support;sentinel
OSA;Open Source Architecture;sentinel
OSA;Open Storage Area;sentinel
OSD;Office of the Secretary of Defense;sentinel
OSINT;Open Source Intelligence (Internet, blogs, websites);sentinel
OSS&E;Operation Safety, Suitability, & Effectiveness (gov DER responsibility for HW/SW);sentinel
OT;Operational Test;sentinel
OTB;Over-Target Baseline;sentinel
OTE;Onboard Test Equipment;sentinel
OTRR;Operational Test Readiness Review;sentinel
OTS;Over-Target Schedule;sentinel
OTTB;Own the Technical Baseline;sentinel
OTTBCD;OTTB Capability Development;sentinel
OUSD;Office of the Undersecretary of Defense;sentinel
OUSD(R&E);Research & Engineering;sentinel
OV;Operational View (1,2,3,4,5);sentinel
OWSA;Operational Weapon System Assests;sentinel
PAP;Propulsion Applications Program;sentinel
PAQM;Program Assurance Quality & Manufacturing;sentinel
PAR;Project Access Request;sentinel
PAR;Program Action Request (NG defect management process);sentinel
PATE;Performance Analysis and Technical Evaluation;sentinel
PBA;Performance Based Agreement;sentinel
PBACM;Post Boost Attitude Control Module;sentinel
PBCS;Post-Boost Control System;sentinel
PBDB;Product Baseline Data Package;sentinel
PBL;Performance Based Logistics;sentinel
PBPS;Post-Boost Propulsion System;sentinel
PCA;Physical Configuration Audit;sentinel
PCAB;Program Corrective Action Board;sentinel
PCAM;Prime Control Account Manager;sentinel
P-CDRA;Post Critical Design Review Assessment;sentinel
PCOL;Procurement Contracting Officer Letter;sentinel
PCS;Permanent Change of Station;sentinel
PCT;Prime Contractor Team;sentinel
PD;Process Document;sentinel
PDM;Program Decision Memorandum;sentinel
PDM;Programmed Depot Maintenance;sentinel
PDP;Product Design Package;sentinel
PDR;Preliminary Design Review;sentinel
PDS;Protected Distribution System;sentinel
PEA;Performance Evaluation Area;sentinel
PEM;Program Element Monitor;sentinel
PEN;Parallel Execution Network;sentinel
PEO;Program Executive Officer;sentinel
PES;Program Execution Summit (formerly IRT);sentinel
PESHE;Programmatic Environment, Safety and Occupational Health Evaluation;sentinel
PET;Proposal Evaluation Team;sentinel
PHI;Protected Health Information;sentinel
PH&M;Prognostic Health & Management;sentinel
PID;Program Introduction Document;sentinel
PIGA;Pendulous Integrating Gyroscopic Accelerometer;sentinel
PII;Personal Identifiable Information;sentinel
PIR;Post Implementation Review;sentinel
PIT;Program Integration Team;sentinel
PKI;Public Key Infrastructure;sentinel
PK/PZ;Contracting (office symbol);sentinel
PL;Project Lead (DAR process);sentinel
PLC;Program Labor Code;sentinel
PLM;Product Lifecycle Management;sentinel
PLT;Payloads Team (NG IPT);sentinel
PMB;Performance Measurement Baseline;sentinel
PMBOK;Program Management Body of Knowledge;sentinel
PMO;Program Management Office;sentinel
PMP;Program Management Professional;sentinel
PM&P;Parts, Materials, & Processes;sentinel
PMR;Program Management Review;sentinel
PMRF;Pacific Missile Range Facility;sentinel
POA&M;Plan of Action & Milestones;sentinel
PoDD;Point of Departure Design;sentinel
POE;Program Office Estimate;sentinel
POG;Program Officers' Group;sentinel
POM;Program Objective Memorandum;sentinel
POM;Program Officers Meeting;sentinel
POP;Period of Performance;sentinel
POSS;Pre-Operational Safety Study;sentinel
P-PDRA;Post PDR Assessment;sentinel
PPIP;Program Protection Implementation Plan;sentinel
PPP;Program Protection Plan;sentinel
PPP;Public Private Partnership;sentinel
PQM;Production Quality & Manufacturing (old);sentinel
PRB;Problem Reporting Board (NG Board);sentinel
PREIAP;Planning Requirements for Environmental Impact Analysis Process;sentinel
PRISM;Program Intelligence & Strategic Modeling;sentinel
PRP;Personnel Reliability Program;sentinel
PRP;Problem Reporting Process (NG Defect Tracker);sentinel
PRR;Production Readiness Review;sentinel
PRS;Payload Reentry System;sentinel
PSAC;Plan for Software Aspects of Certification;sentinel
PSAM;Product Support Architectural Model;sentinel
PSDB;Power & Signal Distribution Box;sentinel
PSI;Product Support Integrator;sentinel
PSM;Product Support Manager;sentinel
PSP;Product Support Provider;sentinel
PSR;Program Support Review;sentinel
PSRE;Propulsion System Rocket Engine;sentinel
PSS;Preliminary Safety Study;sentinel
PT;Payload Transporter;sentinel
PWS;Performance Work Statement;sentinel
QBD;Quantifiable Backup Data;sentinel
QBR;Quarterly Business Review;sentinel
QTR;Quality Tech Review;sentinel
QU;Qualification Unit;sentinel
RAA;Rapid Acquisition Authority;sentinel
RAAR;Required Assets Available Review;sentinel
RACI;Responsible, Accountable, Consulted, Informed;sentinel
RAD;Requirements Allocation Document;sentinel
RAD;Required Assets Delivered;sentinel
RAM;Responsibility Assignment Matrix;sentinel
RAM-C;Reliability, Availability, Maintainability and Cost ;sentinel
RATM;Requirements Allocation Traceability Matrix;sentinel
RBAC;Role-Based Access Control;sentinel
RC2B;Resilient Command & Control Bus;sentinel
RCM;Reliability Centered Maintenance;sentinel
RD;Restricted Data;sentinel
RDO;Regular Day Off;sentinel
RDT&E;Research, Development, Test, & Evaluation;sentinel
R&E;Research & Engineering ( engineering arm for OUSD);sentinel
REA;Request for Equitable Adjustment;sentinel
REACT;Rapid Execution and Combat Targeting;sentinel
REST;Representational State Transfer (API);sentinel
ReTiCIP;Real-Time Critical Intelligence Parameter;sentinel
RFA;Request for Action;sentinel
RFI;Request for Information;sentinel
RFP;Request for Proposal;sentinel
RGC;Reliability Growth Curve;sentinel
RH;Radiation Hard;sentinel
RHFOG;Radiation Hard Fiber Optic Gyroscope;sentinel
RIA;Requirements, Integration, Architecture;sentinel
RICM;RAM Internal Coordination Meeting;sentinel
RIF;Rapid Innovation Funding (USAF);sentinel
RIPL;Requirements, Interface, Profiles Library;sentinel
RIO;Risks, Issues, & Opportunities;sentinel
RMB;Risk Management Board;sentinel
RMCT;Requirements Management Certification Training;sentinel
RMF;Risk Management Framework;sentinel
RMP;Risk Management Plan;sentinel
RMS;Reliability, Maintainability, & Supportability;sentinel
R/O;Risk and Opportunity;sentinel
ROD;Record of Decision;sentinel
ROME;Reconnaissance Operations Management Enterprise;sentinel
RS;Reentry System;sentinel
RSE;Reentry System Electronics;sentinel
RSSR;Range Safety System Report;sentinel
RV;Reentry Vehicle;sentinel
RVA;Remote Visual Assessment;sentinel
RVAM;Requirements Verification Architecture Model;sentinel
S3E;System Software Security Engineering;sentinel
S2S;Shoulder to Shoulder;sentinel
S&T;Science & Technology;sentinel
SAB;Scientific Advisory Board;sentinel
SABR;Sentinel Agile Baseline Requirements;sentinel
SACCS;Strategic Automated Command & Control System;sentinel
SAE;Service Acquisition Executive;sentinel
SAF;Secretary of the Air Force;sentinel
SAFAQ;Secretary of the Air Force - Acquisition;sentinel
SAFe;Scaled Agile Framework;sentinel
SAFE;Secure Access File Exchange;sentinel
SAO;Software Architecture Office;sentinel
SAP;Security Assessment Plan;sentinel
SAP;Software Acquisition Pathway;sentinel
SAP;Special Access Program;sentinel
SAPR;Sexual Assault Prevention & Response;sentinel
SAR;Selected Acquisition Report;sentinel
SATAF;Site Activation Task Force;sentinel
SATCOM;Satellite Communications;sentinel
SBIR;Small Business Innovation Research;sentinel
SBOM;Software Bill of Materials;sentinel
SBPR;Single Background Periodic Reinvestigation;sentinel
SCA;Security Controls Assessor;sentinel
SCA;Static Code Analysis;sentinel
SCG;Security Classification Guide;sentinel
SCIF;Sensitive Compartmented Information Facility;sentinel
SCL;Software Criticality Level (NG rating);sentinel
SCP;Service Cost Position;sentinel
SCRM;Supply Chain Risk Management;sentinel
SD;Strategic Directorate (System?);sentinel
SDC;Standard Desktop Client (DOD pre-stigged image);sentinel
SDD;Software Design Description;sentinel
SDE;Service Delivery Executive;sentinel
SDE;Software Development Environment (developed by NG);sentinel
SDP;Software Development Plan;sentinel
SDRL;Subcontractor Data Requirements List;sentinel
SDS;Strategic Deterrent Systems (NG division);sentinel
SEA;Software Effort Analysis;sentinel
SEAM;Support Equipment Architecture Model;sentinel
SEAM;Systems Engineering Assessment Model;sentinel
SEC;Secure Enterprise Cloud (generic term for Fences);sentinel
SECDEF;Secretary of Defense;sentinel
SE&I;Systems Engineering & Integration;sentinel
SEI;Software Engineering Institute (Carnegie Mellon);sentinel
SEIC;Systems Engineering Integration Capability;sentinel
SEIT;Systems Engineering & Integration Team, or;sentinel
SEIT;Systems Engineering, Integration, & Test;sentinel
SEMD;System Engineering Model Description;sentinel
SEMP;System Engineering Management Plan;sentinel
SEP;Systems Engineering Plan;sentinel
SEPL;Strategic Electronics Parts List;sentinel
SERV;Safety Enhancement Reentry Vehicle;sentinel
SETA;Security Education Training & Awareness;sentinel
SETA;System Engineering Technical Assistant;sentinel
SEWG;System Engineering Working Group;sentinel
SF;Static Fire;sentinel
SFOG;Strategic Fiber Optic Gyroscope;sentinel
SFR;System Functional Review;sentinel
SFXR;Small Flash X-ray;sentinel
SF86;Standard Form 86;sentinel
S-GRA;Software Government Reference Architecture;sentinel
SHADE;Sentinel Hybrid Agile Digital Environment;sentinel
SHB;Secure Host Baseline;sentinel
SHE;Safety, Health, & Environment;sentinel
SHOP;Sentinel Hub for Operational Performance;sentinel
SIA;Security Impact Assessment;sentinel
SIAB;SCIF in a Box;sentinel
SIC;Secure Integrated Cloud;sentinel
SIG;Senior Integration Group;sentinel
SIGINT;Signals Intelligence (phones/radio);sentinel
SIL;Systems Integration Lab;sentinel
SIMON;System Index & Modeling Node;sentinel
SING;Stokes Integral Newtonian Gravity Model;sentinel
SIP;Stakeholder Involvement Plan;sentinel
SIPOC;Suppliers, Inputs, Process, Outputs & Customers;sentinel
SIPR;Secure Internet Protocol Router;sentinel
SITS;Software Integration Test Stand;sentinel
SKDC;Stratcom Key Distribution Center;sentinel
SLA;Service Level Agreement;sentinel
SLP;Survivable Launch Platform;sentinel
SLP-A;Survivable Launch Platform Airborne;sentinel
SMAC;Software Mission Assurance Center;sentinel
SMC;Space Mission Command;sentinel
SME;Subject Matter Expert;sentinel
SMIC;Strategic Missile Integration Center;sentinel
SMO;Support Management Office;sentinel
SMT;Supplier Management Team (NG IPT);sentinel
SMTPC;Strategic Missile Test & Production Complex;sentinel
SMXG;Software Maintenance Group;sentinel
SNL;Sandia National Lab;sentinel
SNTI;Sentinel NC3 Terrestrial Integration (SNTI);sentinel
SOAML;Service Oriented Architecture Modeling Language;sentinel
SOC;System Operational Control;sentinel
sof;Signature on File;sentinel
SOO;Statement of Objectives;sentinel
SOP;Standard Operating Procedure;sentinel
SORA;Source of Repair Assignment;sentinel
SOW;Statement of Work;sentinel
SPA;Special Priority Assistance (DPAS Service to alleviate realized industrial resource conflicts);sentinel
SPEAR;System Performance Exploration & Analysis of Requirements;sentinel
SPI;Schedule Performance Index;sentinel
SPM;System Program Manager;sentinel
SPO;System Program Office;sentinel
SPPN;Special Purpose Processing Node (U-SEIC);sentinel
SPR;Spring Program Review;sentinel
SRA;System Requirements Analysis;sentinel
SRA;Schedule Risk Assessment;sentinel
SRBA;Strategic Repository Beam Accelerometer;sentinel
SRD;System Reference Document;sentinel
SRDR;Software Resources Data Report;sentinel
SRE;Software Reliability Engineering;sentinel
SRG;Security Requirements Guide (DoD Cloud Computing);sentinel
SRMM;Solid Rocket Motor Modernization;sentinel
SRR;System Requirements Review;sentinel
SRS;Software Requirements Specification;sentinel
SSA;Source Selection Authority;sentinel
SSA;Special Security Agreement;sentinel
SSAC;Source Selection Advisory Board;sentinel
SSBI;Single Scope Background Investigation;sentinel
SSDD;System/Sub-system Design Description;sentinel
SSE;System Security Engineering;sentinel
SSEB;Source Selection Evaluation Board;sentinel
SSH;Secure Shell;sentinel
SSIPM;Strategic Space and Intelligence Portfolio Management (Division of OUSD/A&S);sentinel
SSP;Source Selection Plan;sentinel
SSP;Supplier Surveillance Program;sentinel
SSP;System Security Plan;sentinel
SSR;Software Specification Review;sentinel
SSRA;Spectrum Supportability Risk Analysis;sentinel
SST;Support Systesm Team (NG IPT);sentinel
STA;System Threat Assessment;sentinel
STAR;System Threat Assessment Report ;sentinel
STAT;Scientific Test & Analysis Techniques;sentinel
STCS;Subcontractor Timecard System;sentinel
STE;Scientific Technical Expert;sentinel
STE;Secure Telephone Equipment (or Terminal);sentinel
STIG;Security Technical Implementation Guide;sentinel
STINFO;Scientific & Technical Information (documents);sentinel
STIR;System Test Interim Repository;sentinel
STOS;Strategic Operations Squadron (625th);sentinel
STP;Scientific Targeting Program;sentinel
STPA;Systems Theoretic Process Analysis;sentinel
STS;Support and Training Segment (NG);sentinel
STS;Suspense Tracking System;sentinel
STT;Stockpile-to-Target Sequence;sentinel
STT;System Test Team;sentinel
SUT;System Under Test;sentinel
SVR;System Verification Review;sentinel
SWCI;Software Criticality Index (NG rating);sentinel
SysML;System Modeling Language;sentinel
TACC;Technology and Collaboration Center;sentinel
TACLANE;Tactical Local Area Network Encryption;sentinel
TAI;Total Active Inventory;sentinel
T&C;Terms & Conditions;sentinel
TCAMP;Time Certain Affordability Management Program;sentinel
TCD;Terminal Countdown;sentinel
TCO;Transition Coordination Office;sentinel
TCP;Technology Control Plan;sentinel
TDD;Test Driven Development;sentinel
TDMS;Test Data Management System;sentinel
TDO;Trusted Data Object;sentinel
TDP;Technical Data Package;sentinel
TDS;Technology Development Strategy;sentinel
T&E;Test & Evaluation;sentinel
TE;Transporter/Erector;sentinel
TEM;Technical Exchange Meeting;sentinel
TEMP;Test and Evaluation Master Plan;sentinel
TERB;Technical Evaluation Review Board;sentinel
TES;Test & Evaluation Strategy;sentinel
THANOS;Threat and Hardness Assessment of Nuclear Operational Survivability;sentinel
TID;Total Ionizing Dose;sentinel
TIM;Technical Interchange Meeting;sentinel
TLP;Tailored Leadership Picture;sentinel
TLS;Transport Layor Security;sentinel
TLSCM;Total Life Cycle System Mgmt;sentinel
TLYF;Test Like You Fly;sentinel
TME;Tech Maturity Event;sentinel
TMFRM;Tech Maturity Feasibility & Risk Matrix;sentinel
TMRR;Technology Maturation and Risk Reduction;sentinel
TMSS;Technical Manual Schedule & Status;sentinel
TNE;Trusted Network Environment;sentinel
TO (Val/Ver);Technical Order (Validation & Verification);sentinel
TOR;Technical Operating Report;sentinel
TOR;Terms of Reference;sentinel
TOSS;Technical Order Schedule & Status;sentinel
ToT;Turn over to Test (SW readiness for integration test);sentinel
TQL;Tool Qualification Level (DO-178C level);sentinel
TPA;Testing Planning Analysis;sentinel
TPI;Two-Person Integrity;sentinel
TPM;Technical Performance Measures;sentinel
TPWG;Test Planning Working Group;sentinel
TRA;Technology Readiness Assessment;sentinel
TRB;Technical Review Board;sentinel
TRD;Technical Requirements Document;sentinel
TREX;Test Reference Execution Architecture Model;sentinel
TRL;Technology Readiness Level;sentinel
TRR;Test Readiness Review;sentinel
TS;Top Secret;sentinel
TSRA;Tracking Systems Requirements Analysis;sentinel
TSS;Training Scheduling System;sentinel
TT;Thrust Termination;sentinel
TTA;Tools Test & Automation;sentinel
TTX;Tabletop Exercise;sentinel
TVA;Thrust Vector Actuation;sentinel
TVC;Thrust Vector Control;sentinel
TVR;Target Verification Reply;sentinel
UARC;University Affiliated Research Center;sentinel
UAS;Unmanned Aerial Surveillance (Drones);sentinel
UAT;User Acceptance Test;sentinel
UCA;Umbilical Cable Assembly;sentinel
UCCG;Unified Code Counter - Government Edition;sentinel
UCS;Unified Certification Strategy;sentinel
UCMJ;Uniform Code of Military Justice;sentinel
UCMP;Unified Certification Management Plan;sentinel
UFN;Until Further Notice;sentinel
UHF;Ultra High Frequency (300-3000 MHz);sentinel
ULWG;Unauthorized Launch Working Group;sentinel
UML;Unified Modeling Language;sentinel
UON;Urgent Operational Need;sentinel
UR;Unsatisfactory Report;sentinel
URA;Umbilical Receptacle Assembly;sentinel
URD;Unit Reference Designator;sentinel
URL;Uniform Resource Locator;sentinel
USA;Umbilical Substitute Assembly;sentinel
USApp;Univied Services Application;sentinel
USLM;Unit Software License Manager;sentinel
USSTRATCOM;US Strategic Command;sentinel
VAC;Variance at Completion;sentinel
VAMOSC;Visibility and Management of Operating and Support Costs;sentinel
VAR;Variance Analysis Report;sentinel
VATEP;Value Adjusted Total Evaluated Price;sentinel
VCJCS;Vice Chairman of the Joint Chiefs of Staff;sentinel
VDI;Virtual Desktop Infrastructure;sentinel
VLF;Very Low Frequency (3  30 KHz);sentinel
VV&A;Verified, Validated and Accredited;sentinel
WAD;Work Authorization Document;sentinel
WAM;Weapons Allocation Model;sentinel
WAM;Work Authorization Memo;sentinel
WARNO;Warning Order;sentinel
WBS;Work Breakdown Structure;sentinel
WG;Working Group;sentinel
WGS;World Geodetic System;sentinel
WMD;Weapons of Mass Destruction;sentinel
WPL;Work Package Leads (whipple);sentinel
WS;Weapon System;sentinel
WSAM;Weapon System Architecture Model;sentinel
WSC2;Weapon System Command & Control;sentinel
WSE;Weapon Safety Endorsement;sentinel
WSEC;Weapon System Engineering Council (Lead Engineers);sentinel
WSER;Weapon System Effectiveness Report /w?z?r/;sentinel
WSP;Weapon System Processor;sentinel
WSS;Weapon System Specification;sentinel
WSSIL;Weapon System System Integration Lab;sentinel
WSSDM;Weapon System Sustainment & Deployment Model;sentinel
WSSR;Weapon System Safety Rules;sentinel
WST;Weapon System Test;sentinel
WSUC;Weapon System Use Cases;sentinel
WIPT;Working-level Integrated Product Team;sentinel
XIPT;Cross IPT;sentinel
ZTA;Zero Trust Architecture;sentinel
